codon;abbr;letter;complete;action;color-red;color-green;color-blue;radius
UUU;Phe;F;Fenilalanina;;144;112;0;40
UUA;Leu;L;Leucina;;255;213;8;35
UUC;Phe;F;Fenilalanina;;144;112;0;40
UUG;Leu;L;Leucina;start;255;213;8;35
UAU;Tyr;Y;Tirosina;;114;255;62;40
UAA;;;;stop;;;;
UAC;Tyr;Y;Tirosina;;114;255;62;40
UAG;;;;stop;;;;
UCU;Ser;S;Serina;;57;195;29;30
UCA;Ser;S;Serina;;57;195;29;30
UCC;Ser;S;Serina;;57;195;29;30
UCG;Ser;S;Serina;;57;195;29;30
UGU;Cys;C;Cisteina;;96;235;51;30
UGA;;;;stop;;;;
UGC;Cys;C;Cisteina;;96;235;51;30
UGG;Trp;W;Triptofan;;175;139;2;40
AUU;Ile;I;Isoleucina;start;191;154;3;40
AUA;Ile;I;Isoleucina;;191;154;3;40
AUC;Ile;I;Isoleucina;;191;154;3;40
AUG;Met;M;Metionina;start;129;99;0;45
AAU;Asn;N;Asparagina;;36;175;16;35
AAA;Lys;K;Lisina;;0;132;198;50
AAC;Asn;N;Asparagina;;36;175;16;35
AAG;Lys;K;Lisina;;0;132;198;50
ACU;Thr;T;Treonina;;0;156;0;35
ACA;Thr;T;Treonina;;0;156;0;35
ACC;Thr;T;Treonina;;0;156;0;35
ACG;Thr;T;Treonina;;0;156;0;35
AGU;Ser;S;Serina;;57;195;29;30
AGA;Arg;R;Arginina;;0;211;255;50
AGC;Ser;S;Serina;;57;195;29;30
AGG;Arg;R;Arginina;;0;211;255;50
CUU;Leu;L;Leucina;;255;213;8;35
CUA;Leu;L;Leucina;;255;213;8;35
CUC;Leu;L;Leucina;;255;213;8;35
CUG;Leu;L;Leucina;start;255;213;8;35
CAU;His;H;Histidina;;0;171;229;40
CAA;Gln;Q;Glutamina;;77;214;41;40
CAC;His;H;Histidina;;0;171;229;40
CAG;Gln;Q;Glutamina;;77;214;41;40
CCU;Pro;P;Prolina;;160;126;1;30
CCA;Pro;P;Prolina;;160;126;1;30
CCC;Pro;P;Prolina;;160;126;1;30
CCG;Pro;P;Prolina;;160;126;1;30
CGU;Arg;R;Arginina;;0;211;255;50
CGA;Arg;R;Arginina;;0;211;255;50
CGC;Arg;R;Arginina;;0;211;255;50
CGG;Arg;R;Arginina;;0;211;255;50
GUU;Val;V;Valina;;239;198;6;30
GUA;Val;V;Valina;;239;198;6;30
GUC;Val;V;Valina;;239;198;6;30
GUG;Val;V;Valina;start;239;198;6;30
GAU;Asp;D;Acid aspartic;;237;108;255;35
GAA;Glu;E;Acid glutamic;;167;59;203;35
GAC;Asp;D;Acid aspartic;;237;108;255;35
GAG;Glu;E;Acid glutamic;;167;59;203;35
GCU;Ala;A;Alanina;;207;168;4;20
GCA;Ala;A;Alanina;;207;168;4;20
GCC;Ala;A;Alanina;;207;168;4;20
GCG;Ala;A;Alanina;;207;168;4;20
GGU;Gly;G;Glicina;;223;183;5;10
GGA;Gly;G;Glicina;;223;183;5;10
GGC;Gly;G;Glicina;;223;183;5;10
GGG;Gly;G;Glicina;;223;183;5;10
